{
    "1": "ECSC{i_trusted_trust_to_trust_you_to_trust_me_but_now_i_dont_trust_trust_5b8a8a11}",
    "2": "ECSC{i_trusted_trust_to_trust_you_to_trust_me_but_now_i_dont_trust_trust_f0b9afe7}",
    "3": "ECSC{i_trusted_trust_to_trust_you_to_trust_me_but_now_i_dont_trust_trust_95aa576d}",
    "4": "ECSC{i_trusted_trust_to_trust_you_to_trust_me_but_now_i_dont_trust_trust_cf2d61d3}",
    "5": "ECSC{i_trusted_trust_to_trust_you_to_trust_me_but_now_i_dont_trust_trust_7b9cd7ee}",
    "6": "ECSC{i_trusted_trust_to_trust_you_to_trust_me_but_now_i_dont_trust_trust_baf0a8be}",
    "7": "ECSC{i_trusted_trust_to_trust_you_to_trust_me_but_now_i_dont_trust_trust_5873d6a8}",
    "8": "ECSC{i_trusted_trust_to_trust_you_to_trust_me_but_now_i_dont_trust_trust_ada87965}",
    "9": "ECSC{i_trusted_trust_to_trust_you_to_trust_me_but_now_i_dont_trust_trust_7ec57807}",
    "10": "ECSC{i_trusted_trust_to_trust_you_to_trust_me_but_now_i_dont_trust_trust_5a4941aa}",
    "11": "ECSC{i_trusted_trust_to_trust_you_to_trust_me_but_now_i_dont_trust_trust_d05e9743}",
    "12": "ECSC{i_trusted_trust_to_trust_you_to_trust_me_but_now_i_dont_trust_trust_c799fa50}",
    "13": "ECSC{i_trusted_trust_to_trust_you_to_trust_me_but_now_i_dont_trust_trust_1316c8ec}",
    "14": "ECSC{i_trusted_trust_to_trust_you_to_trust_me_but_now_i_dont_trust_trust_d0fac5de}",
    "15": "ECSC{i_trusted_trust_to_trust_you_to_trust_me_but_now_i_dont_trust_trust_49121e2d}",
    "16": "ECSC{i_trusted_trust_to_trust_you_to_trust_me_but_now_i_dont_trust_trust_bc2f0c9d}",
    "17": "ECSC{i_trusted_trust_to_trust_you_to_trust_me_but_now_i_dont_trust_trust_b59843d3}",
    "18": "ECSC{i_trusted_trust_to_trust_you_to_trust_me_but_now_i_dont_trust_trust_494dbfd7}",
    "19": "ECSC{i_trusted_trust_to_trust_you_to_trust_me_but_now_i_dont_trust_trust_d3802a0f}",
    "20": "ECSC{i_trusted_trust_to_trust_you_to_trust_me_but_now_i_dont_trust_trust_67ad8fa1}",
    "21": "ECSC{i_trusted_trust_to_trust_you_to_trust_me_but_now_i_dont_trust_trust_1e402447}",
    "22": "ECSC{i_trusted_trust_to_trust_you_to_trust_me_but_now_i_dont_trust_trust_98726134}",
    "23": "ECSC{i_trusted_trust_to_trust_you_to_trust_me_but_now_i_dont_trust_trust_aebd2030}",
    "24": "ECSC{i_trusted_trust_to_trust_you_to_trust_me_but_now_i_dont_trust_trust_49d5f7eb}",
    "25": "ECSC{i_trusted_trust_to_trust_you_to_trust_me_but_now_i_dont_trust_trust_e2e4606f}",
    "26": "ECSC{i_trusted_trust_to_trust_you_to_trust_me_but_now_i_dont_trust_trust_837b0555}",
    "27": "ECSC{i_trusted_trust_to_trust_you_to_trust_me_but_now_i_dont_trust_trust_41396b5d}",
    "28": "ECSC{i_trusted_trust_to_trust_you_to_trust_me_but_now_i_dont_trust_trust_bbf3fdd7}",
    "29": "ECSC{i_trusted_trust_to_trust_you_to_trust_me_but_now_i_dont_trust_trust_7a69a0f7}",
    "30": "ECSC{i_trusted_trust_to_trust_you_to_trust_me_but_now_i_dont_trust_trust_b029f207}",
    "31": "ECSC{i_trusted_trust_to_trust_you_to_trust_me_but_now_i_dont_trust_trust_d9d54b56}",
    "32": "ECSC{i_trusted_trust_to_trust_you_to_trust_me_but_now_i_dont_trust_trust_482ccba0}",
    "33": "ECSC{i_trusted_trust_to_trust_you_to_trust_me_but_now_i_dont_trust_trust_7a722736}",
    "34": "ECSC{i_trusted_trust_to_trust_you_to_trust_me_but_now_i_dont_trust_trust_6dd942bb}",
    "35": "ECSC{i_trusted_trust_to_trust_you_to_trust_me_but_now_i_dont_trust_trust_73a03ad1}",
    "36": "ECSC{i_trusted_trust_to_trust_you_to_trust_me_but_now_i_dont_trust_trust_cce2abfe}",
    "37": "ECSC{i_trusted_trust_to_trust_you_to_trust_me_but_now_i_dont_trust_trust_353a2785}"
}